Transcript_1,NM_008182.3,100.000,854,0,0,1,854,2,855,0.0,1578
Transcript_1,AK002712.1,99.533,857,0,4,1,854,7,862,0.0,1557
Transcript_1,J03958.1,99.520,833,4,0,1,833,17,849,0.0,1517
Transcript_1,NM_001122660.1,98.244,854,14,1,1,854,20,872,0.0,1493
Transcript_1,XM_006510814.2,100.000,800,0,0,55,854,214,1013,0.0,1478
Transcript_1,XM_006510814.2,100.000,56,0,0,1,56,49,104,5.07e-18,104
Transcript_1,BC061133.1,100.000,796,0,0,57,852,1,796,0.0,1471
Transcript_1,NM_008181.3,97.307,854,23,0,1,854,7,860,0.0,1450
Transcript_1,NM_001243092.1,97.190,854,24,0,1,854,20,873,0.0,1445
Transcript_1,BC061134.1,97.115,832,24,0,12,843,1,832,0.0,1404
Transcript_1,BC030173.1,98.250,800,13,1,55,854,85,883,0.0,1399
Transcript_1,BC132576.1,97.532,770,19,0,12,781,1,770,0.0,1317
Transcript_1,XM_017595811.1,91.249,857,59,10,1,854,52,895,0.0,1153
Transcript_1,XM_017595812.1,90.898,857,58,11,1,854,49,888,0.0,1133
Transcript_1,NM_017013.4,93.649,740,47,0,18,757,3,742,0.0,1107
Transcript_1,FQ217939.1,93.514,740,48,0,18,757,3,742,0.0,1101
Transcript_1,BC078706.1,93.733,734,46,0,24,757,1,734,0.0,1101
Transcript_1,K00136.1,90.854,820,68,7,40,854,1,818,0.0,1092
Transcript_1,BC098898.1,90.734,831,58,10,26,854,1,814,0.0,1090
Transcript_1,NM_001010921.1,91.202,807,64,7,53,854,1,805,0.0,1090
Transcript_1,K01931.1,93.243,740,50,0,18,757,3,742,0.0,1090
Transcript_1,XM_021172216.1,97.456,629,16,0,216,844,30,658,0.0,1074
Transcript_1,XM_021155191.1,96.445,647,23,0,53,699,1,647,0.0,1068
Transcript_1,XM_017596098.1,91.260,778,53,9,79,854,1,765,0.0,1046
Transcript_1,FJ179397.1,94.320,669,38,0,79,747,1,669,0.0,1026
Transcript_1,XM_021656451.1,89.750,761,76,2,1,759,8,768,0.0,972
Transcript_1,XM_021656447.1,89.867,750,74,2,7,755,31,779,0.0,963
Transcript_1,XM_015990140.1,87.772,826,97,4,1,822,38,863,0.0,963
Transcript_1,XM_006996889.2,88.860,781,83,4,1,777,86,866,0.0,957
Transcript_1,XM_015990138.1,89.467,750,76,3,1,747,40,789,0.0,944
Transcript_1,XM_021207818.1,96.174,575,22,0,63,637,1,575,0.0,941
Transcript_1,XM_015990137.1,89.660,735,73,3,1,732,86,820,0.0,933
Transcript_1,XM_005347587.2,87.592,814,86,10,15,822,3,807,0.0,929
Transcript_1,XM_021656448.1,88.366,765,83,5,1,761,26,788,0.0,915
Transcript_1,XM_005347588.3,87.958,764,82,7,15,773,1,759,0.0,893
Transcript_1,XM_005347592.2,87.420,779,82,13,3,773,7,777,0.0,881
Transcript_1,XM_016965912.1,87.936,746,82,8,1,741,96,838,0.0,872
Transcript_1,XM_015990139.1,87.785,745,90,1,79,822,1,745,0.0,870
Transcript_1,XM_005347594.1,87.871,742,83,4,20,759,16,752,0.0,865
Transcript_1,XM_026779513.1,87.350,751,84,8,15,760,3,747,0.0,850
Transcript_1,XM_026779511.1,87.825,731,78,8,15,740,3,727,0.0,846
Transcript_1,XM_016979668.1,88.244,689,79,2,74,761,1,688,0.0,822
Transcript_1,XM_007613402.2,88.175,685,76,5,60,741,44,726,0.0,811
Transcript_1,XM_005347590.3,84.061,847,121,11,1,839,82,922,0.0,804
Transcript_1,XM_005347700.2,86.740,724,83,10,22,740,1,716,0.0,793
Transcript_1,XM_013346386.2,84.425,809,114,9,37,839,8,810,0.0,785
Transcript_1,XM_026779510.1,84.752,787,112,8,59,839,341,1125,0.0,782
Transcript_1,XM_026779509.1,84.733,786,112,8,60,839,587,1370,0.0,780
Transcript_1,XM_005347589.2,84.733,786,112,8,60,839,319,1102,0.0,780
Transcript_1,XM_013346387.1,84.606,786,112,9,60,839,149,931,0.0,773
Transcript_1,XM_017801351.1,84.966,745,100,10,6,745,150,887,0.0,745
Transcript_1,XM_021172218.1,93.387,499,32,1,356,854,1,498,0.0,737
Transcript_1,XM_008846111.2,85.799,676,90,6,73,745,491,1163,0.0,712
Transcript_1,XM_007613400.2,87.793,598,71,2,165,761,18,614,0.0,699
Transcript_1,X00520.1,94.444,450,25,0,18,467,3,452,0.0,693
Transcript_1,XM_008846103.1,84.503,684,104,2,79,761,1,683,0.0,675
Transcript_1,XM_013346423.2,88.142,565,59,8,213,773,446,1006,0.0,665
Transcript_1,FQ211315.1,93.679,443,28,0,315,757,1,443,0.0,664
Transcript_1,XM_004660496.1,84.242,679,99,8,72,746,6,680,0.0,654
Transcript_1,XM_021173202.1,98.860,351,4,0,1,351,68,418,2.43e-175,627
Transcript_1,XM_008593427.1,83.308,671,106,6,79,746,106,773,1.89e-171,614
Transcript_1,M26874.1,93.447,412,27,0,346,757,1,412,6.81e-171,612
Transcript_1,XM_008593482.1,83.159,671,107,6,79,746,22,689,8.81e-170,608
Transcript_1,XM_005318561.3,83.010,671,108,6,79,746,81,748,4.10e-168,603
Transcript_1,XM_015487859.1,83.010,671,108,6,79,746,74,741,4.10e-168,603
Transcript_1,XM_003254149.1,82.861,671,109,5,79,746,71,738,1.91e-166,597
Transcript_1,XM_003833149.1,82.474,679,111,7,72,746,64,738,1.15e-163,588
Transcript_1,AK351255.1,82.556,665,108,8,79,739,60,720,6.90e-161,579
Transcript_1,XM_009451454.3,82.292,672,111,7,79,746,68,735,8.93e-160,575
Transcript_1,NM_213850.2,82.406,665,109,8,79,739,68,728,3.21e-159,573
Transcript_1,XM_021229347.1,88.841,466,52,0,283,748,1,466,3.21e-159,573
Transcript_1,XR_002345763.1,82.406,665,109,8,79,739,237,897,3.21e-159,573
Transcript_1,XM_014834660.1,82.265,671,111,7,79,745,460,1126,3.21e-159,573
Transcript_1,XM_014834659.1,82.265,671,111,7,79,745,115,781,3.21e-159,573
Transcript_1,AK351238.1,82.406,665,109,8,79,739,62,722,3.21e-159,573
Transcript_1,XM_024249182.1,82.090,670,116,4,79,746,10,677,4.16e-158,569
Transcript_1,XM_023624053.1,82.116,671,112,7,79,745,424,1090,1.49e-157,568
Transcript_1,XM_001503029.4,82.116,671,112,7,79,745,175,841,1.49e-157,568
Transcript_1,XM_014583035.1,82.132,666,111,8,79,740,118,779,1.93e-156,564
Transcript_1,XM_006165720.2,82.132,666,111,8,79,740,123,784,1.93e-156,564
Transcript_1,NM_001284532.1,81.967,671,113,7,79,745,1,667,6.95e-156,562
Transcript_1,NM_214389.2,82.078,664,111,8,79,738,110,769,2.50e-155,560
Transcript_1,XM_008593548.1,82.935,627,101,6,123,746,1,624,2.50e-155,560
Transcript_1,Z69585.1,82.078,664,112,7,79,738,61,721,2.50e-155,560
Transcript_1,XM_025042834.1,82.063,669,106,13,79,740,217,878,9.00e-155,558
Transcript_1,XM_017542859.1,81.791,670,118,4,79,746,234,901,9.00e-155,558
Transcript_1,KP735782.1,81.818,671,116,6,79,746,370,1037,9.00e-155,558
Transcript_1,XM_013019201.1,81.928,664,116,4,85,746,123,784,9.00e-155,558
Transcript_1,XM_012069963.1,81.618,680,119,4,72,748,53,729,9.00e-155,558
Transcript_1,BC148816.1,81.845,672,114,7,79,746,35,702,9.00e-155,558
Transcript_1,NM_153699.1,81.845,672,114,7,79,746,71,738,9.00e-155,558
Transcript_1,XM_024122028.1,81.928,664,114,6,79,739,95,755,3.24e-154,556
Transcript_1,XM_024122027.1,81.928,664,114,6,79,739,215,875,3.24e-154,556
Transcript_1,XM_024122026.1,81.928,664,114,6,79,739,95,755,3.24e-154,556
Transcript_1,XM_024122025.1,81.928,664,114,6,79,739,195,855,3.24e-154,556
Transcript_1,XM_024122024.1,81.928,664,114,6,79,739,215,875,3.24e-154,556
Transcript_1,XM_003897739.4,81.724,673,117,4,79,748,147,816,3.24e-154,556
Transcript_1,XM_019986030.1,81.724,673,117,6,79,748,131,800,3.24e-154,556
Transcript_1,XM_007972251.1,81.724,673,117,4,79,748,93,762,3.24e-154,556
Transcript_1,EF104255.1,81.778,675,113,7,79,748,63,732,3.24e-154,556
Transcript_1,BC146332.1,81.818,671,114,7,79,745,35,701,3.24e-154,556
Transcript_2,AB055005.1,100.000,1752,0,0,1,1752,8,1759,0.0,3236
Transcript_2,NM_080852.3,100.000,1728,0,0,11,1738,3,1730,0.0,3192
Transcript_2,AJ417663.1,99.938,1607,1,0,37,1643,1,1607,0.0,2963
Transcript_2,XM_021159055.1,95.912,1737,54,3,11,1738,3,1731,0.0,2798
Transcript_2,BC146476.1,100.000,1401,0,0,106,1506,32,1432,0.0,2588
Transcript_2,BC140320.1,100.000,1399,0,0,106,1504,32,1430,0.0,2584
Transcript_2,XM_021197015.1,93.619,1724,87,9,11,1723,3,1714,0.0,2553
Transcript_2,NM_001011948.1,88.061,1516,166,4,25,1534,1,1507,0.0,1783
Transcript_2,NM_001017465.1,87.981,1506,162,10,25,1522,1,1495,0.0,1760
Transcript_2,AK085644.1,100.000,761,0,0,10,770,1,761,0.0,1406
Transcript_2,AC163676.4,100.000,760,0,0,11,770,218446,219205,0.0,1404
Transcript_2,AC163676.4,81.633,637,109,3,95,724,100943,101578,1.18e-143,521
Transcript_2,AC163676.4,97.761,134,3,0,439,572,68004,68137,2.23e-56,231
Transcript_2,AC131593.16,100.000,760,0,0,11,770,113089,113848,0.0,1404
Transcript_2,AC131593.16,100.000,477,0,0,1262,1738,137733,138209,0.0,881
Transcript_2,AC131593.16,100.000,366,0,0,900,1265,131437,131802,0.0,676
Transcript_2,AC131593.16,100.000,134,0,0,768,901,129614,129747,2.21e-61,248
Transcript_2,AC140350.3,100.000,760,0,0,11,770,150798,150039,0.0,1404
Transcript_2,AC140350.3,99.383,486,3,0,1262,1747,126154,125669,0.0,881
Transcript_2,AC140350.3,100.000,366,0,0,900,1265,132450,132085,0.0,676
Transcript_2,AC140350.3,100.000,134,0,0,768,901,134273,134140,2.21e-61,248
Transcript_2,XM_006530052.1,100.000,759,0,0,11,769,9,767,0.0,1402
Transcript_2,XM_006530052.1,100.000,755,0,0,899,1653,765,1519,0.0,1395
Transcript_2,XM_015988212.1,82.315,1555,238,26,11,1545,4,1541,0.0,1314
Transcript_2,XM_005361846.1,81.417,1383,245,9,109,1482,1,1380,0.0,1120
Transcript_2,XM_015988213.1,82.011,1273,200,18,11,1265,22,1283,0.0,1055
Transcript_2,XM_007630330.2,79.807,1451,266,16,109,1545,1,1438,0.0,1031
Transcript_2,XM_006232112.2,87.584,894,101,4,630,1522,545,1429,0.0,1027
Transcript_2,XM_006232112.2,89.454,531,53,3,11,540,14,542,0.0,667
Transcript_2,XM_017591219.1,89.309,767,73,4,11,770,14,778,0.0,953
Transcript_2,JN962441.1,100.000,477,0,0,1262,1738,30651,31127,0.0,881
Transcript_2,JN962441.1,100.000,366,0,0,900,1265,24355,24720,0.0,676
Transcript_2,JN962441.1,100.000,134,0,0,768,901,22532,22665,2.21e-61,248
Transcript_2,JN958550.1,100.000,477,0,0,1262,1738,30664,31140,0.0,881
Transcript_2,JN958550.1,100.000,366,0,0,900,1265,24355,24720,0.0,676
Transcript_2,JN958550.1,100.000,134,0,0,768,901,22532,22665,2.21e-61,248
Transcript_2,XM_003753571.4,76.771,1412,292,28,91,1481,215,1611,0.0,758
Transcript_2,XM_021196117.1,76.970,1320,274,21,109,1410,1,1308,0.0,734
Transcript_2,XM_021157966.1,76.993,1317,279,17,109,1410,1,1308,0.0,732
Transcript_2,XM_006994721.2,76.037,1398,309,21,109,1490,1,1388,0.0,702
Transcript_2,XM_005361847.1,76.578,1204,262,16,109,1299,1,1197,2.41e-180,643
Transcript_2,NR_033591.2,77.392,1066,220,13,95,1147,80,1137,1.89e-171,614
Transcript_2,AK143764.1,77.392,1066,220,13,95,1147,83,1140,1.89e-171,614
Transcript_2,XM_006224084.3,82.995,641,101,3,91,724,218,857,3.21e-159,573
Transcript_2,XM_003479900.2,74.357,1400,321,29,109,1486,1,1384,6.95e-156,562
Transcript_2,XM_008837041.1,75.456,1206,253,25,109,1297,1,1180,1.95e-151,547
Transcript_2,AC138548.8,81.633,637,109,3,95,724,83579,82944,1.18e-143,521
Transcript_2,AC138548.8,97.761,134,3,0,439,572,116518,116385,2.23e-56,231
Transcript_2,XM_003479899.3,76.019,638,141,7,96,724,2,636,4.62e-83,320
Transcript_2,XM_015988199.1,92.593,81,6,0,823,903,555,635,6.51e-22,117
Transcript_6,NM_013643.2,100.000,2989,0,0,1,2989,146,3134,0.0,5520
Transcript_6,U28217.1,99.933,2985,2,0,1,2985,157,3141,0.0,5502
Transcript_6,XM_006540715.3,100.000,2707,0,0,283,2989,874,3580,0.0,5000
Transcript_6,XM_006540715.3,100.000,284,0,0,1,284,159,442,9.12e-145,525
Transcript_6,XM_017322046.1,100.000,2707,0,0,283,2989,879,3585,0.0,5000
Transcript_6,XM_006540714.3,100.000,2706,0,0,284,2989,824,3529,0.0,4998
Transcript_6,XM_006540714.3,100.000,284,0,0,1,284,159,442,9.12e-145,525
Transcript_6,XM_006540713.3,100.000,2706,0,0,284,2989,1140,3845,0.0,4998
Transcript_6,XM_006540713.3,100.000,284,0,0,1,284,159,442,9.12e-145,525
Transcript_6,NM_001163565.1,100.000,2706,0,0,284,2989,321,3026,0.0,4998
Transcript_6,BC051975.1,100.000,2706,0,0,284,2989,70,2775,0.0,4998
Transcript_6,BC079592.1,99.926,2706,2,0,284,2989,401,3106,0.0,4987
Transcript_6,AK038416.1,99.926,2699,2,0,284,2982,98,2796,0.0,4974
Transcript_6,XM_021192274.1,95.961,2996,87,11,1,2989,154,3122,0.0,4831
Transcript_6,BC057339.1,99.918,2438,1,1,552,2989,859,3295,0.0,4490
Transcript_6,BC057339.1,100.000,272,0,0,284,555,49,320,4.27e-138,503
Transcript_6,XM_021192265.1,96.093,2713,76,8,284,2989,508,3197,0.0,4396
Transcript_6,XM_021192255.1,96.093,2713,76,8,284,2989,426,3115,0.0,4396
Transcript_6,XM_006229254.3,93.391,2209,122,14,283,2489,899,3085,0.0,3249
Transcript_6,XM_006229254.3,89.957,468,40,3,2525,2989,3085,3548,1.91e-166,597
Transcript_6,XM_006229257.3,93.388,2208,122,14,284,2489,807,2992,0.0,3247
Transcript_6,XM_006229257.3,89.957,468,40,3,2525,2989,2992,3455,1.91e-166,597
Transcript_6,XM_006229252.3,93.388,2208,122,14,284,2489,1060,3245,0.0,3247
Transcript_6,XM_006229252.3,89.957,468,40,3,2525,2989,3245,3708,1.91e-166,597
Transcript_6,XM_008759346.2,93.388,2208,122,14,284,2489,548,2733,0.0,3247
Transcript_6,XM_008759346.2,89.957,468,40,3,2525,2989,2733,3196,1.91e-166,597
Transcript_6,XM_017589064.1,93.388,2208,122,14,284,2489,734,2919,0.0,3247
Transcript_6,XM_017589064.1,89.957,468,40,3,2525,2989,2919,3382,1.91e-166,597
Transcript_6,XM_006229253.3,93.388,2208,122,14,284,2489,1006,3191,0.0,3247
Transcript_6,XM_006229253.3,89.957,468,40,3,2525,2989,3191,3654,1.91e-166,597
Transcript_6,XM_006229253.3,87.059,255,22,5,30,284,511,754,2.82e-70,278
Transcript_6,FQ211673.1,93.342,2208,123,14,284,2489,680,2865,0.0,3241
Transcript_6,FQ211673.1,89.744,468,41,3,2525,2989,2865,3328,8.87e-165,592
Transcript_6,XM_013126454.2,90.924,2369,203,11,48,2413,202,2561,0.0,3173
Transcript_6,XM_013126454.2,90.080,373,33,3,2618,2986,2764,3136,2.00e-131,481
Transcript_6,XM_026784276.1,90.312,2405,198,17,42,2424,314,2705,0.0,3118
Transcript_6,XM_026784276.1,91.086,359,28,3,2629,2983,2936,3294,5.57e-132,483
Transcript_6,XM_026784276.1,92.424,66,4,1,2541,2605,2803,2868,1.10e-14,93.5
Transcript_6,XM_021192283.1,97.270,1795,47,2,663,2456,288,2081,0.0,3042
Transcript_6,XM_021192283.1,97.701,261,6,0,295,555,1,261,5.65e-122,449
Transcript_6,XM_021167904.1,99.107,1680,15,0,284,1963,92,1771,0.0,3020
Transcript_6,XM_021167903.1,99.106,1678,15,0,285,1962,21,1698,0.0,3016
Transcript_6,XM_026784277.1,91.709,2159,157,11,283,2424,646,2799,0.0,2976
Transcript_6,XM_026784277.1,91.086,359,28,3,2629,2983,3030,3388,5.57e-132,483
Transcript_6,XM_026784277.1,92.424,66,4,1,2541,2605,2897,2962,1.10e-14,93.5
Transcript_6,XM_013350261.2,91.709,2159,157,11,283,2424,558,2711,0.0,2976
Transcript_6,XM_013350261.2,91.086,359,28,3,2629,2983,2942,3300,5.57e-132,483
Transcript_6,XM_013350261.2,92.424,66,4,1,2541,2605,2809,2874,1.10e-14,93.5
Transcript_6,XM_026784278.1,91.705,2158,157,11,284,2424,462,2614,0.0,2974
Transcript_6,XM_026784278.1,91.086,359,28,3,2629,2983,2845,3203,5.57e-132,483
Transcript_6,XM_026784278.1,92.424,66,4,1,2541,2605,2712,2777,1.10e-14,93.5
Transcript_6,XM_021655195.1,92.043,2124,155,7,283,2404,524,2635,0.0,2974
Transcript_6,XM_021655195.1,87.500,376,37,7,2619,2989,2803,3173,9.52e-115,425
Transcript_6,XM_021655197.1,92.040,2123,155,7,284,2404,548,2658,0.0,2972
Transcript_6,XM_021655197.1,87.500,376,37,7,2619,2989,2826,3196,9.52e-115,425
Transcript_6,XM_021655194.1,91.913,2127,155,8,283,2404,639,2753,0.0,2959
Transcript_6,XM_021655194.1,87.500,376,37,7,2619,2989,2921,3291,9.52e-115,425
Transcript_6,XM_021655193.1,91.913,2127,155,8,283,2404,524,2638,0.0,2959
Transcript_6,XM_021655193.1,87.500,376,37,7,2619,2989,2806,3176,9.52e-115,425
Transcript_6,XM_021223901.1,91.518,2134,175,6,283,2413,46,2176,0.0,2933
Transcript_6,XM_021223901.1,90.080,373,33,3,2618,2986,2379,2751,2.00e-131,481
Transcript_6,NM_019253.3,93.247,1940,109,13,552,2489,436,2355,0.0,2837
Transcript_6,NM_019253.3,89.247,465,43,3,2525,2986,2355,2815,8.93e-160,575
Transcript_6,XM_016979150.1,93.362,1883,125,0,280,2162,95,1977,0.0,2785
Transcript_6,XM_016979151.1,93.351,1880,125,0,283,2162,238,2117,0.0,2780
Transcript_6,XM_008831705.2,88.863,2137,223,13,284,2413,384,2512,0.0,2614
Transcript_6,XM_008831705.2,84.196,367,48,7,2630,2989,2745,3108,2.12e-91,348
Transcript_6,XM_008831706.1,88.863,2137,223,13,284,2413,290,2418,0.0,2614
Transcript_6,XM_008831706.1,84.196,367,48,7,2630,2989,2651,3014,2.12e-91,348
Transcript_6,XM_008831704.1,88.863,2137,223,13,284,2413,386,2514,0.0,2614
Transcript_6,XM_008831704.1,84.196,367,48,7,2630,2989,2747,3110,2.12e-91,348
Transcript_6,XM_006229255.3,93.406,1744,94,12,748,2489,1436,3160,0.0,2564
Transcript_6,XM_006229255.3,89.957,468,40,3,2525,2989,3160,3623,1.91e-166,597
Transcript_6,XM_006229255.3,93.651,378,21,2,284,661,1059,1433,6.95e-156,562
Transcript_6,BC092196.1,93.391,1740,94,12,752,2489,1,1721,0.0,2556
Transcript_6,BC092196.1,89.957,468,40,3,2525,2989,1721,2184,1.91e-166,597
Transcript_6,XM_017797798.1,88.932,2060,213,13,361,2413,347,2398,0.0,2527
Transcript_6,XM_017797798.1,84.196,367,48,7,2630,2989,2631,2994,2.12e-91,348
Transcript_6,XM_017797796.1,88.932,2060,213,13,361,2413,132,2183,0.0,2527
Transcript_6,XM_017797796.1,84.196,367,48,7,2630,2989,2416,2779,2.12e-91,348
Transcript_6,XM_021655196.1,91.304,1748,135,8,662,2404,795,2530,0.0,2370
Transcript_6,XM_021655196.1,94.872,273,14,0,283,555,524,796,2.65e-115,427
Transcript_6,XM_021655196.1,87.500,376,37,7,2619,2989,2698,3068,9.52e-115,425
Transcript_6,XM_021167905.1,99.077,1300,12,0,663,1962,318,1617,0.0,2335
Transcript_6,XM_021167905.1,98.893,271,3,0,285,555,21,291,1.55e-132,484
Transcript_6,U28216.1,100.000,1243,0,0,103,1345,1,1243,0.0,2296
Transcript_6,U28216.1,100.000,139,0,0,1344,1482,1429,1567,3.67e-64,257
Transcript_6,XM_015504656.1,86.179,2120,265,21,283,2389,121,2225,0.0,2266
Transcript_6,XM_015504656.1,86.306,314,32,7,2684,2989,2542,2852,2.13e-86,331
Transcript_6,XM_008582057.1,86.105,2123,273,19,280,2387,41,2156,0.0,2266
Transcript_6,XM_008582057.1,87.171,304,28,9,2694,2989,2507,2807,1.65e-87,335
Transcript_6,XM_012780618.2,86.173,2119,266,22,283,2387,237,2342,0.0,2265
Transcript_6,XM_012780618.2,87.633,283,27,6,2713,2989,2715,2995,1.28e-83,322
Transcript_6,XM_012780617.1,86.173,2119,266,22,283,2387,397,2502,0.0,2265
Transcript_6,XM_012780617.1,87.633,283,27,6,2713,2989,2875,3155,1.28e-83,322
Transcript_6,XM_008582056.1,86.126,2119,272,19,284,2387,175,2286,0.0,2265
Transcript_6,XM_008582056.1,87.171,304,28,9,2694,2989,2637,2937,1.65e-87,335
Transcript_6,XM_013019644.1,86.091,2121,266,21,283,2387,86,2193,0.0,2255
Transcript_6,XM_013019644.1,87.747,253,27,1,2725,2973,2589,2841,1.01e-74,292
Transcript_6,XM_021727392.1,86.025,2118,268,21,285,2389,1284,3386,0.0,2246
Transcript_6,XM_021727392.1,86.943,314,30,7,2684,2989,3703,4013,9.86e-90,342
Transcript_6,XM_012654235.1,86.726,2034,249,19,284,2305,254,2278,0.0,2241
Transcript_6,XM_011750226.1,85.823,2109,269,21,283,2384,129,2214,0.0,2211
Transcript_6,XM_011750226.1,88.339,283,24,7,2713,2989,2532,2811,2.13e-86,331
Transcript_6,NM_032781.3,85.829,2110,266,21,283,2384,405,2489,0.0,2209
Transcript_6,NM_032781.3,90.106,283,21,5,2713,2989,2805,3086,2.72e-95,361
Transcript_6,NM_001278238.1,85.823,2109,266,21,284,2384,318,2401,0.0,2207
Transcript_6,NM_001278238.1,90.106,283,21,5,2713,2989,2717,2998,2.72e-95,361
Transcript_6,XM_012088588.1,85.775,2109,270,21,283,2384,87,2172,0.0,2206
Transcript_6,XM_012088588.1,87.986,283,25,7,2713,2989,2490,2769,9.93e-85,326
Transcript_6,XM_010370184.1,85.789,2111,266,23,283,2384,19,2104,0.0,2206
Transcript_6,XM_010370184.1,88.530,279,23,7,2713,2985,2422,2697,7.68e-86,329
Transcript_6,XM_016920553.2,85.782,2110,267,21,283,2384,293,2377,0.0,2204
Transcript_6,XM_016920553.2,90.106,283,21,6,2713,2989,2693,2974,2.72e-95,361
Transcript_6,XM_003312950.4,85.782,2110,267,21,283,2384,1261,3345,0.0,2204
Transcript_6,XM_003312950.4,90.106,283,21,6,2713,2989,3661,3942,2.72e-95,361
Transcript_6,XM_003312949.4,85.782,2110,267,21,283,2384,1306,3390,0.0,2204
Transcript_6,XM_003312949.4,90.106,283,21,6,2713,2989,3706,3987,2.72e-95,361
Transcript_6,XM_019037276.1,85.789,2111,265,26,283,2384,199,2283,0.0,2204
Transcript_6,XM_019037276.1,90.106,283,21,6,2713,2989,2599,2880,2.72e-95,361
Transcript_6,XM_014346766.1,85.782,2110,267,21,283,2384,387,2471,0.0,2204
Transcript_6,XM_014346766.1,90.106,283,21,6,2713,2989,2787,3068,2.72e-95,361
Transcript_6,XM_003830472.3,85.782,2110,267,21,283,2384,432,2516,0.0,2204
Transcript_6,XM_003830472.3,90.106,283,21,6,2713,2989,2832,3113,2.72e-95,361
Transcript_6,XM_004050804.1,85.789,2111,265,26,283,2384,389,2473,0.0,2204
Transcript_6,XM_004050804.1,90.106,283,21,6,2713,2989,2789,3070,2.72e-95,361
Transcript_6,XM_004050803.1,85.789,2111,265,26,283,2384,434,2518,0.0,2204
Transcript_6,XM_004050803.1,90.106,283,21,6,2713,2989,2834,3115,2.72e-95,361
Transcript_6,BC064807.1,85.782,2110,267,21,283,2384,214,2298,0.0,2204
Transcript_6,BC064807.1,90.106,283,21,5,2713,2989,2614,2895,2.72e-95,361
Transcript_6,XM_003312951.5,85.775,2109,267,21,284,2384,1174,3257,0.0,2202
Transcript_6,XM_003312951.5,90.106,283,21,6,2713,2989,3573,3854,2.72e-95,361
Transcript_6,XM_004050806.2,85.782,2110,265,26,284,2384,302,2385,0.0,2202
Transcript_6,XM_004050806.2,90.106,283,21,6,2713,2989,2701,2982,2.72e-95,361
Transcript_6,XM_014346767.1,85.775,2109,267,21,284,2384,300,2383,0.0,2202
Transcript_6,XM_014346767.1,90.106,283,21,6,2713,2989,2699,2980,2.72e-95,361
Transcript_6,BC039897.1,85.775,2109,267,21,284,2384,114,2197,0.0,2202
Transcript_6,BC039897.1,90.106,283,21,5,2713,2989,2513,2794,2.72e-95,361
Transcript_6,XM_015434983.1,85.728,2109,271,21,283,2384,1385,3470,0.0,2200
Transcript_6,XM_015434983.1,87.279,283,24,8,2713,2989,3788,4064,7.73e-81,313
Transcript_6,XM_005578424.2,85.728,2109,271,21,283,2384,123,2208,0.0,2200
Transcript_6,XM_005578424.2,87.279,283,24,8,2713,2989,2526,2802,7.73e-81,313
Transcript_6,XM_011977314.1,85.728,2109,271,21,283,2384,132,2217,0.0,2200
Transcript_6,XM_011977314.1,87.986,283,25,7,2713,2989,2535,2814,9.93e-85,326
Transcript_6,XM_003910143.3,85.680,2109,272,21,283,2384,120,2205,0.0,2194
Transcript_6,XM_003910143.3,88.848,269,23,5,2725,2989,2537,2802,3.57e-84,324
Transcript_6,XM_012780620.1,86.281,2041,253,22,361,2387,201,2228,0.0,2193
Transcript_6,XM_012780620.1,87.633,283,27,6,2713,2989,2601,2881,1.28e-83,322
Transcript_6,AK090923.1,85.687,2110,269,21,283,2384,314,2398,0.0,2193
Transcript_6,AK090923.1,93.782,193,10,2,2799,2989,2771,2963,1.30e-73,289
Transcript_6,XM_025356670.1,85.633,2109,271,21,283,2384,102,2185,0.0,2187
Transcript_6,XM_025356670.1,88.848,269,23,5,2725,2989,2517,2782,3.57e-84,324
Transcript_6,AL832541.1,85.592,2110,269,23,283,2384,450,2532,0.0,2180
Transcript_6,AL832541.1,90.106,283,21,5,2713,2989,2848,3129,2.72e-95,361
Transcript_6,NM_001265681.1,85.538,2109,275,21,283,2384,113,2198,0.0,2178
Transcript_6,NM_001265681.1,88.339,283,24,7,2713,2989,2516,2795,2.13e-86,331
Transcript_6,XM_023230869.2,85.410,2111,274,23,283,2384,19,2104,0.0,2161
Transcript_6,XM_023230869.2,88.889,279,22,7,2713,2985,2422,2697,1.65e-87,335
Transcript_6,XM_017858203.1,85.804,2064,255,27,283,2335,146,2182,0.0,2154
Transcript_6,XM_011937472.1,85.355,2110,276,22,283,2384,84,2168,0.0,2154
Transcript_6,XM_011937472.1,89.046,283,22,7,2713,2989,2485,2764,9.86e-90,342
Transcript_6,AK295604.1,85.818,2059,259,21,284,2334,179,2212,0.0,2154
Transcript_6,XM_012456516.1,85.404,2117,260,29,283,2384,391,2473,0.0,2152
Transcript_6,XM_012456516.1,82.995,394,39,16,2618,2989,2688,3075,2.13e-86,331
Transcript_6,XM_003781164.2,85.617,2065,272,22,284,2334,171,2224,0.0,2145
Transcript_6,XM_017525888.1,85.194,2114,267,28,283,2384,297,2376,0.0,2128
Transcript_6,XM_017525888.1,84.478,393,38,14,2618,2989,2591,2981,5.85e-97,366
Transcript_6,XM_017525885.1,85.194,2114,267,28,283,2384,385,2464,0.0,2128
Transcript_6,XM_017525885.1,84.478,393,38,14,2618,2989,2679,3069,5.85e-97,366
Transcript_6,XM_012654234.1,88.508,1723,194,4,283,2003,381,2101,0.0,2082
Transcript_6,JN960689.1,99.911,1127,1,0,1863,2989,34381,35507,0.0,2076
Transcript_6,JN960689.1,99.203,251,2,0,740,990,23323,23573,4.37e-123,453
Transcript_6,JN960689.1,100.000,195,0,0,361,555,14716,14910,2.72e-95,361
Transcript_6,JN960689.1,100.000,193,0,0,988,1180,24624,24816,3.52e-94,357
Transcript_6,JN960689.1,100.000,162,0,0,1593,1754,33697,33858,6.02e-77,300
Transcript_6,JN960689.1,100.000,139,0,0,1344,1482,30406,30544,3.67e-64,257
Transcript_6,JN960689.1,100.000,118,0,0,1752,1869,33943,34060,1.73e-52,219
Transcript_6,JN960689.1,100.000,113,0,0,1481,1593,31330,31442,1.04e-49,209
Transcript_6,JN960689.1,99.115,113,1,0,552,664,22511,22623,4.86e-48,204
Transcript_6,JN960689.1,100.000,87,0,0,663,749,22844,22930,2.96e-35,161
Transcript_6,JN960689.1,97.802,91,2,0,1174,1264,27174,27264,3.83e-34,158
Transcript_6,JN960689.1,100.000,81,0,0,1265,1345,30140,30220,6.42e-32,150
Transcript_6,AC115898.22,100.000,1124,0,0,1866,2989,13266,12143,0.0,2076
Transcript_6,AC115898.22,100.000,285,0,0,1,285,67884,67600,2.54e-145,527
Transcript_6,AC115898.22,99.203,251,2,0,740,990,24371,24121,4.37e-123,453
Transcript_6,AC115898.22,100.000,195,0,0,361,555,25916,25722,2.72e-95,361
Transcript_6,AC115898.22,100.000,193,0,0,988,1180,23026,22834,3.52e-94,357
Transcript_6,AC115898.22,100.000,162,0,0,1593,1754,13953,13792,6.02e-77,300
Transcript_6,AC115898.22,100.000,139,0,0,1344,1482,17244,17106,3.67e-64,257
Transcript_6,AC115898.22,100.000,118,0,0,1752,1869,13707,13590,1.73e-52,219
Transcript_6,AC115898.22,100.000,113,0,0,1481,1593,16320,16208,1.04e-49,209
Transcript_6,AC115898.22,100.000,110,0,0,555,664,25180,25071,4.86e-48,204
Transcript_6,AC115898.22,100.000,87,0,0,663,749,24850,24764,2.96e-35,161
Transcript_6,AC115898.22,100.000,85,0,0,1180,1264,20470,20386,3.83e-34,158
Transcript_6,AC115898.22,100.000,81,0,0,1265,1345,17510,17430,6.42e-32,150
Transcript_6,AC115898.22,100.000,81,0,0,283,363,47144,47064,6.42e-32,150
Transcript_6,AC113001.9,100.000,1124,0,0,1866,2989,146843,145720,0.0,2076
Transcript_6,AC113001.9,100.000,285,0,0,1,285,201461,201177,2.54e-145,527
Transcript_6,AC113001.9,99.203,251,2,0,740,990,157948,157698,4.37e-123,453
Transcript_6,AC113001.9,100.000,195,0,0,361,555,159493,159299,2.72e-95,361
Transcript_6,AC113001.9,100.000,193,0,0,988,1180,156603,156411,3.52e-94,357
Transcript_6,AC113001.9,100.000,162,0,0,1593,1754,147530,147369,6.02e-77,300
Transcript_6,AC113001.9,100.000,139,0,0,1344,1482,150821,150683,3.67e-64,257
Transcript_6,AC113001.9,100.000,118,0,0,1752,1869,147284,147167,1.73e-52,219
Transcript_6,AC113001.9,100.000,113,0,0,1481,1593,149897,149785,1.04e-49,209
Transcript_6,AC113001.9,100.000,110,0,0,555,664,158757,158648,4.86e-48,204
Transcript_6,AC113001.9,100.000,87,0,0,663,749,158427,158341,2.96e-35,161
Transcript_6,AC113001.9,100.000,85,0,0,1180,1264,154047,153963,3.83e-34,158
Transcript_6,AC113001.9,100.000,81,0,0,1265,1345,151087,151007,6.42e-32,150
Transcript_6,AC113001.9,100.000,81,0,0,283,363,180721,180641,6.42e-32,150
Transcript_6,XM_006209289.2,84.579,2114,299,18,284,2387,167,2263,0.0,2073
Transcript_6,XM_006209289.2,92.991,214,14,1,2776,2989,2697,2909,2.78e-80,311
Transcript_6,AK316270.1,88.876,1681,185,2,284,1963,103,1782,0.0,2067
Transcript_6,LT745228.1,88.717,1684,188,2,283,1965,506,2188,0.0,2056
Transcript_6,KJ899835.1,88.717,1684,188,2,283,1965,84,1766,0.0,2056
Transcript_6,XM_012143871.2,84.517,2112,289,29,282,2379,483,2570,0.0,2054
Transcript_6,XM_012143871.2,90.187,214,20,1,2776,2989,3025,3237,2.82e-70,278
Transcript_6,AB385588.1,88.790,1677,186,2,283,1958,28,1703,0.0,2054
Transcript_8,NM_138652.2,100.000,3954,0,0,1,3954,1,3954,0.0,7302
Transcript_8,XM_021181608.1,98.177,3949,70,2,1,3949,1,3947,0.0,6892
Transcript_8,BC109011.1,100.000,3649,0,0,1,3649,1,3649,0.0,6739
Transcript_8,BC109010.1,99.890,3649,2,1,1,3649,1,3647,0.0,6715
Transcript_8,XM_021203240.1,96.209,3957,131,5,9,3949,1,3954,0.0,6458
Transcript_8,NM_133517.2,92.826,3959,270,10,1,3949,60,4014,0.0,5725
Transcript_8,XM_017599574.1,93.051,3900,264,7,53,3949,127,4022,0.0,5694
Transcript_8,XM_017599573.1,93.051,3900,264,7,53,3949,179,4074,0.0,5694
Transcript_8,U94912.1,92.675,3959,275,11,1,3949,56,4009,0.0,5690
Transcript_8,M90398.1,92.736,3937,271,11,23,3949,6,3937,0.0,5672
Transcript_8,NM_001301664.1,93.332,3734,243,6,219,3949,425,4155,0.0,5511
Transcript_8,U94913.1,93.549,3457,217,6,219,3672,424,3877,0.0,5144
Transcript_8,XM_006993470.2,90.821,3508,306,12,178,3678,11,3509,0.0,4680
Transcript_8,XM_007642690.2,90.456,3489,315,12,214,3690,1,3483,0.0,4582
Transcript_8,XM_007611437.2,90.439,3483,315,12,220,3690,562,4038,0.0,4571
Transcript_8,XM_008824405.2,87.913,3781,426,24,187,3954,70,3832,0.0,4421
Transcript_8,XM_005371991.3,91.254,3167,271,4,187,3347,11,3177,0.0,4309
Transcript_8,XM_013117247.2,91.295,3159,266,5,257,3412,1,3153,0.0,4301
Transcript_8,XM_012950489.1,87.364,3118,379,10,223,3327,11,3126,0.0,3561
Transcript_8,XM_015499319.1,86.552,3190,410,14,228,3403,4,3188,0.0,3496
Transcript_8,XM_020151738.1,88.185,2920,342,3,430,3347,4,2922,0.0,3478
Transcript_8,XM_013025700.1,86.904,2978,390,0,340,3317,10,2987,0.0,3339
Transcript_8,XM_013505518.1,86.755,3005,383,14,339,3334,202,3200,0.0,3330
Transcript_8,XM_013025612.1,86.801,2970,391,1,378,3346,1,2970,0.0,3312
Transcript_8,XM_023699178.1,86.977,2941,372,10,401,3334,29,2965,0.0,3299
Transcript_8,XM_010633828.1,86.394,3006,396,12,339,3336,141,3141,0.0,3273
Transcript_8,XM_008998030.2,83.660,3519,508,52,200,3677,321,3813,0.0,3251
Transcript_8,XM_509585.6,85.035,3174,444,23,197,3348,311,3475,0.0,3201
Transcript_8,XM_003812610.2,85.035,3174,444,23,197,3348,311,3475,0.0,3201
Transcript_8,XM_024230904.1,85.035,3174,441,26,200,3350,319,3481,0.0,3199
Transcript_8,NM_001676.5,85.160,3147,438,21,200,3326,321,3458,0.0,3197
Transcript_8,AK292968.1,85.160,3147,438,21,200,3326,321,3458,0.0,3197
Transcript_8,NM_001172916.1,85.928,3006,410,12,339,3336,261,3261,0.0,3195
Transcript_8,U02076.1,85.129,3147,439,21,200,3326,155,3292,0.0,3192
Transcript_8,XM_004054265.2,84.989,3171,444,24,200,3348,321,3481,0.0,3190
Transcript_8,XM_012562706.1,84.890,3170,454,19,228,3382,18,3177,0.0,3177
Transcript_8,XM_011958701.1,85.895,2999,404,15,346,3333,136,3126,0.0,3177
Transcript_8,XM_017514733.1,83.286,3512,524,49,200,3677,318,3800,0.0,3175
Transcript_8,XM_021678182.1,85.629,3013,417,13,325,3326,418,3425,0.0,3151
Transcript_8,XM_025874518.1,84.700,3170,460,19,228,3382,105,3264,0.0,3144
Transcript_8,XM_017852269.1,85.662,2999,411,15,346,3333,240,3230,0.0,3138
Transcript_8,XM_017852252.1,85.662,2999,411,15,346,3333,482,3472,0.0,3138
Transcript_8,XM_010360167.1,85.662,2999,411,15,346,3333,57,3047,0.0,3138
Transcript_8,XM_026454200.1,83.684,3371,502,42,346,3688,451,3801,0.0,3134
Transcript_8,XM_023190301.2,83.684,3371,502,42,346,3688,482,3832,0.0,3134
Transcript_8,XM_025996582.1,85.515,3010,424,10,346,3347,418,3423,0.0,3133
Transcript_8,XM_003919745.2,83.659,3378,501,41,210,3553,3,3363,0.0,3133
Transcript_8,XM_006742309.1,84.904,3120,447,19,223,3326,3548,6659,0.0,3131
Transcript_8,XM_025462816.1,84.807,3133,455,16,229,3347,65,3190,0.0,3129
Transcript_8,XM_843185.4,84.807,3133,455,16,229,3347,158,3283,0.0,3129
Transcript_8,XM_005585490.2,83.047,3492,544,41,227,3688,320,3793,0.0,3125
Transcript_8,XM_011755675.1,83.047,3492,544,41,227,3688,320,3793,0.0,3125
Transcript_8,XM_021236397.1,84.694,3149,459,15,196,3336,26,3159,0.0,3123
Transcript_8,XM_012434419.2,82.964,3516,541,47,200,3677,324,3819,0.0,3121
Transcript_8,XM_003913678.3,83.009,3496,541,45,227,3688,320,3796,0.0,3116
Transcript_8,XM_015120754.1,82.961,3492,547,42,227,3688,201,3674,0.0,3109
Transcript_8,XM_015120753.1,82.961,3492,547,42,227,3688,320,3793,0.0,3109
Transcript_8,XM_014791196.1,85.317,3017,431,9,340,3348,155,3167,0.0,3107
Transcript_8,XM_021236398.1,85.743,2939,412,6,403,3336,155,3091,0.0,3099
Transcript_8,AF106063.1,85.044,3049,446,8,310,3350,276,3322,0.0,3096
Transcript_8,XM_025364409.1,84.672,3125,452,20,227,3333,329,3444,0.0,3092
Transcript_8,XM_008021742.1,84.667,3124,454,18,227,3333,96,3211,0.0,3092
Transcript_8,XM_008021738.1,84.667,3124,454,18,227,3333,542,3657,0.0,3092
Transcript_8,XM_008259638.2,85.011,3049,447,8,310,3350,264,3310,0.0,3090
Transcript_8,XM_022522577.1,85.366,2993,421,14,344,3326,137,3122,0.0,3085
Transcript_8,XM_014835569.1,84.547,3132,464,14,229,3345,19,3145,0.0,3085
Transcript_8,XM_014731937.2,84.662,3110,458,13,229,3324,99,3203,0.0,3083
Transcript_8,XM_012506722.1,84.637,3131,438,36,227,3333,11,3122,0.0,3079
Transcript_8,XM_008506969.1,84.630,3110,459,13,229,3324,73,3177,0.0,3077
Transcript_8,NM_001082027.1,84.913,3049,450,8,310,3350,467,3513,0.0,3073
Transcript_8,AF023128.1,84.913,3049,450,8,310,3350,124,3170,0.0,3073
Transcript_8,XM_026492934.1,85.256,2991,428,11,344,3326,297,3282,0.0,3068
Transcript_8,XM_008591828.1,85.268,2980,431,6,373,3346,1,2978,0.0,3064
Transcript_8,XM_008692270.1,85.222,2991,429,11,344,3326,347,3332,0.0,3062
Transcript_8,XM_011217532.2,84.681,3068,454,14,344,3403,509,3568,0.0,3048
Transcript_8,XM_004778223.2,84.364,3121,462,20,223,3326,139,3250,0.0,3037
Transcript_8,XM_027064473.1,84.286,3131,460,24,223,3333,92,3210,0.0,3027
Transcript_8,XM_008158170.1,85.067,2980,426,15,358,3326,322,3293,0.0,3020
Transcript_8,XM_006110100.3,84.955,2991,433,13,346,3326,274,3257,0.0,3016
Transcript_8,XM_006146724.1,84.763,3019,446,12,339,3348,259,3272,0.0,3014
Transcript_8,XM_012809494.1,83.105,3356,517,40,228,3555,4,3337,0.0,3011
Transcript_8,XM_006765065.2,84.111,3128,482,12,231,3346,125,3249,0.0,3009
Transcript_8,XM_005880016.2,84.937,2994,428,18,346,3326,246,3229,0.0,3009
Transcript_8,XM_016203524.1,84.883,2990,437,13,346,3326,367,3350,0.0,3003
Transcript_8,XM_019436485.1,84.646,3022,444,16,325,3333,197,3211,0.0,2992
Transcript_8,XM_021236399.1,84.705,3014,438,15,196,3201,26,3024,0.0,2990
Transcript_8,XM_019652303.1,84.613,3009,451,12,346,3346,233,3237,0.0,2981
Transcript_8,XM_012926783.1,84.516,3029,453,13,309,3326,450,3473,0.0,2981
Transcript_8,XM_007087876.2,84.547,3022,447,16,325,3333,133,3147,0.0,2976
Transcript_8,XM_014528170.1,85.248,2908,406,18,432,3326,272,3169,0.0,2972
Transcript_8,XM_023247527.1,84.000,3125,466,27,223,3326,97,3208,0.0,2970
Transcript_8,XM_015564841.1,85.039,2921,428,8,432,3346,272,3189,0.0,2964
Transcript_8,XM_019749579.1,84.441,3008,458,10,346,3346,218,3222,0.0,2953
Transcript_8,XM_010334787.1,84.467,3013,438,23,210,3201,3,3006,0.0,2944
Transcript_8,XM_024580801.1,84.489,2985,447,13,344,3319,216,3193,0.0,2933
Transcript_8,XM_005585491.2,84.482,2990,440,18,227,3201,201,3181,0.0,2929
Transcript_8,XM_008065699.1,84.364,2993,459,6,340,3326,136,3125,0.0,2926
Transcript_8,XM_017852261.1,86.169,2704,366,7,634,3333,404,3103,0.0,2915
Transcript_8,XM_007955971.1,83.708,3112,482,21,227,3321,61,3164,0.0,2915
Transcript_8,XM_008021739.1,84.364,2993,441,20,227,3201,542,3525,0.0,2909
Transcript_9,NM_010710.4,100.000,2294,0,0,1,2294,2,2295,0.0,4237
Transcript_9,AK053572.1,100.000,2285,0,0,1,2285,3,2287,0.0,4220
Transcript_9,XM_006497733.1,98.964,2316,0,1,1,2292,546,2861,0.0,4122
Transcript_9,XM_021193713.1,97.878,2309,31,4,1,2292,237,2544,0.0,3976
Transcript_9,XM_021154342.1,98.749,2158,16,2,1,2150,240,2394,0.0,3825
Transcript_9,XM_021193714.1,98.420,2088,29,4,1,2087,96,2180,0.0,3670
Transcript_9,XM_006992521.2,94.367,2308,108,12,1,2292,2,2303,0.0,3522
Transcript_9,BC055741.1,99.841,1892,2,1,276,2167,1,1891,0.0,3476
Transcript_9,XM_005082084.3,93.997,2299,107,15,1,2290,226,2502,0.0,3452
Transcript_9,AF124734.1,99.573,1874,8,0,277,2150,3,1876,0.0,3417
Transcript_9,XM_005345948.3,93.475,2314,122,12,1,2290,196,2504,0.0,3410
Transcript_9,XM_021633372.1,93.533,2273,111,9,1,2250,239,2498,0.0,3350
Transcript_9,NM_001106571.1,96.847,1903,42,7,407,2291,1,1903,0.0,3166
Transcript_9,L06804.1,96.946,1899,30,14,412,2292,173,2061,0.0,3160
Transcript_9,NM_001290646.1,99.942,1713,1,0,582,2294,522,2234,0.0,3158
Transcript_9,XM_006497738.3,100.000,1709,0,0,585,2293,102,1810,0.0,3157
Transcript_9,XM_006497739.1,100.000,1709,0,0,585,2293,206,1914,0.0,3157
Transcript_9,XM_006497739.1,100.000,126,0,0,460,585,1,126,6.19e-57,233
Transcript_9,BC086638.1,99.883,1711,1,1,582,2292,522,2231,0.0,3147
Transcript_9,XM_004662789.1,91.059,2304,168,27,6,2289,267,2552,0.0,3079
Transcript_9,XM_006497736.3,98.615,1733,0,1,585,2293,76,1808,0.0,3046
Transcript_9,XM_006497735.2,98.615,1733,0,1,585,2293,104,1836,0.0,3046
Transcript_9,XM_006497734.1,98.560,1736,1,1,582,2293,517,2252,0.0,3046
Transcript_9,XM_021154348.1,98.776,1716,12,2,585,2292,525,2239,0.0,3044
Transcript_9,XM_008824526.1,92.024,2169,142,22,2,2150,267,2424,0.0,3018
Transcript_9,XM_006234072.3,95.622,1896,41,8,439,2292,1,1896,0.0,3003
Transcript_9,XM_012771854.2,90.576,2292,174,29,18,2289,287,2556,0.0,2998
Transcript_9,XM_021193715.1,97.623,1725,23,4,585,2292,533,2256,0.0,2942
Transcript_9,XM_016137428.1,89.823,2319,191,27,1,2289,277,2580,0.0,2933
Transcript_9,XM_016961627.2,90.000,2300,182,30,18,2289,286,2565,0.0,2929
Transcript_9,XM_012458165.1,90.065,2295,178,34,18,2290,272,2538,0.0,2929
Transcript_9,XM_025359694.1,90.030,2297,180,33,18,2285,273,2549,0.0,2928
Transcript_9,XM_003911251.2,89.978,2305,178,33,18,2289,273,2557,0.0,2928
Transcript_9,XM_020166570.1,89.905,2318,165,40,18,2289,289,2583,0.0,2920
Transcript_9,XM_012039218.1,89.887,2304,181,33,18,2289,274,2557,0.0,2916
Transcript_9,XM_008006305.1,89.865,2299,185,33,18,2289,960,3237,0.0,2911
Transcript_9,XM_025359695.1,89.900,2297,180,36,18,2285,273,2546,0.0,2909
Transcript_9,XM_005580813.2,89.787,2301,182,34,18,2289,273,2549,0.0,2898
Transcript_9,XM_004392606.2,89.701,2311,182,34,1,2289,78,2354,0.0,2898
Transcript_9,XM_019658833.1,89.622,2303,204,24,8,2289,274,2562,0.0,2896
Transcript_9,XM_009002743.1,89.727,2307,178,36,18,2289,269,2551,0.0,2892
Transcript_9,XM_011711315.2,89.744,2301,181,35,18,2289,300,2574,0.0,2891
Transcript_9,XM_004641589.1,89.820,2279,189,24,32,2287,289,2547,0.0,2883
Transcript_9,XM_019728527.1,89.720,2286,191,27,13,2280,458,2717,0.0,2880
Transcript_9,XM_011965501.1,89.609,2300,180,36,18,2286,273,2544,0.0,2868
Transcript_9,XM_004269241.1,89.341,2308,194,30,2,2283,34,2315,0.0,2852
Transcript_9,XM_012664395.1,90.766,2155,162,27,18,2151,276,2414,0.0,2843
Transcript_9,XM_027104905.1,89.196,2314,195,32,2,2283,282,2572,0.0,2837
Transcript_9,XM_011965502.1,89.343,2299,182,41,18,2286,273,2538,0.0,2830
Transcript_9,XM_003785291.2,89.616,2263,180,36,18,2248,276,2515,0.0,2826
Transcript_9,XM_022578770.1,89.399,2245,187,28,69,2283,1,2224,0.0,2780
Transcript_9,XM_002820191.4,90.097,2171,171,31,18,2164,276,2426,0.0,2778
Transcript_9,XM_009244851.2,89.959,2171,171,34,18,2164,50,2197,0.0,2758
Transcript_9,XM_017591665.1,95.371,1750,39,8,585,2292,22,1771,0.0,2745
Transcript_9,XM_008761742.2,95.369,1749,39,8,586,2292,287,2035,0.0,2743
Transcript_9,NM_004789.3,89.912,2161,171,30,18,2151,276,2416,0.0,2739
Transcript_9,AK027597.1,89.870,2162,171,30,18,2151,276,2417,0.0,2736
Transcript_9,XM_003264113.3,90.553,2096,153,26,211,2286,43,2113,0.0,2732
Transcript_9,XM_023217228.1,89.681,2161,177,29,18,2151,276,2417,0.0,2713
Transcript_9,XM_011364308.2,89.609,2146,189,24,1,2122,277,2412,0.0,2697
Transcript_9,XM_005320945.2,89.822,2132,171,30,18,2122,271,2383,0.0,2693
Transcript_9,XM_021691398.1,89.720,2140,176,29,1,2115,101,2221,0.0,2693
Transcript_9,XM_008155272.1,89.332,2184,177,31,1,2151,283,2443,0.0,2691
Transcript_9,XM_007936621.1,89.386,2167,185,30,1,2145,281,2424,0.0,2686
Transcript_9,XM_025475095.1,89.122,2188,171,32,140,2289,16,2174,0.0,2660
Transcript_9,XM_015986196.1,94.660,1723,71,11,585,2292,142,1858,0.0,2652
Transcript_9,XM_007539969.1,90.073,2065,171,22,111,2151,385,2439,0.0,2647
Transcript_9,XM_005345950.2,94.274,1729,71,11,585,2290,495,2218,0.0,2619
Transcript_9,XM_006834749.1,88.966,2157,189,27,18,2143,297,2435,0.0,2619
Transcript_9,XM_004593586.2,87.527,2309,223,38,18,2289,274,2554,0.0,2608
Transcript_9,XM_014840629.1,90.680,1985,148,22,323,2289,1,1966,0.0,2606
Transcript_9,XM_019421184.1,91.359,1921,140,19,219,2121,1,1913,0.0,2604
Transcript_9,XM_019421184.1,88.830,188,11,5,2102,2289,1921,2098,1.34e-53,222
Transcript_9,XM_858575.4,89.374,2108,168,27,210,2289,5,2084,0.0,2601
Transcript_9,XM_012664396.1,90.646,1967,153,24,18,1967,50,2002,0.0,2584
Transcript_9,XM_006892582.1,88.569,2152,207,29,18,2151,293,2423,0.0,2575
Transcript_9,XM_004641590.2,89.793,2028,174,21,32,2045,62,2070,0.0,2567
Transcript_9,XM_021633374.1,93.645,1731,74,9,585,2292,516,2233,0.0,2555
Transcript_9,XM_013121982.2,93.754,1713,78,13,585,2290,315,2005,0.0,2543
Transcript_9,XM_005082086.3,93.754,1713,78,13,585,2290,57,1747,0.0,2543
Transcript_9,XM_004849400.3,90.342,1957,161,21,6,1946,387,2331,0.0,2542
Transcript_9,XM_004757346.2,90.400,1948,154,20,356,2289,1,1929,0.0,2531
Transcript_9,XM_004423433.2,90.923,1906,136,17,395,2283,1,1886,0.0,2527
Transcript_9,XM_006234073.1,96.586,1523,34,7,788,2292,255,1777,0.0,2508
Transcript_9,XM_006234073.1,97.030,202,5,1,592,793,1,201,1.28e-88,339
Transcript_9,XM_003808070.4,91.333,1846,130,20,452,2289,11,1834,0.0,2495
Transcript_9,XM_019970805.1,89.918,1954,155,23,365,2289,1,1941,0.0,2483
Transcript_9,XM_023628837.1,90.124,1934,151,19,378,2289,1,1916,0.0,2477
Transcript_9,NM_001191175.1,90.114,1922,148,23,397,2289,1,1909,0.0,2459
Transcript_9,XM_017874811.1,90.209,1910,146,27,397,2284,2,1892,0.0,2453
Transcript_9,XM_017548360.1,89.758,1943,158,25,21,1936,274,2202,0.0,2447
Transcript_9,XM_027035081.1,91.333,1800,131,18,340,2122,1,1792,0.0,2436
Transcript_9,XM_024126453.1,89.932,1917,156,21,381,2283,1,1894,0.0,2436
Transcript_9,XM_006096273.3,90.659,1852,143,22,455,2289,764,2602,0.0,2435
Transcript_9,XM_005893065.2,90.527,1858,144,17,452,2289,2,1847,0.0,2427
Transcript_9,XM_011931403.1,90.800,1837,136,18,461,2286,1,1815,0.0,2425
Transcript_9,XM_008824534.2,92.317,1718,108,16,585,2291,390,2094,0.0,2420
Transcript_9,XM_024762614.1,89.931,1897,153,25,401,2283,1,1873,0.0,2410
Transcript_9,XM_011288451.3,91.031,1795,137,17,344,2121,1,1788,0.0,2401
Transcript_9,XM_011288451.3,89.362,188,10,7,2102,2289,1796,1973,2.88e-55,228
Transcript_9,XM_011931404.1,90.611,1832,136,21,466,2286,1,1807,0.0,2398
Transcript_9,XM_006072200.2,90.188,1865,144,18,452,2289,16,1868,0.0,2394
Transcript_9,XM_010956157.1,90.396,1843,137,21,452,2289,45,1852,0.0,2388
Transcript_9,XM_004005648.2,89.650,1913,144,29,342,2224,1,1889,0.0,2386
Transcript_10,NM_028052.4,100.000,2550,0,0,1,2550,2,2551,0.0,4710
Transcript_10,AK078223.1,99.921,2540,2,0,1,2540,3,2542,0.0,4680
Transcript_10,BC026512.1,100.000,2415,0,0,53,2467,1,2415,0.0,4460
Transcript_10,AK005132.1,100.000,2384,0,0,79,2462,1,2384,0.0,4403
Transcript_10,XM_021182224.1,97.615,2474,44,4,1,2467,2,2467,0.0,4228
Transcript_10,NM_001163032.1,100.000,2263,0,0,288,2550,395,2657,0.0,4180
Transcript_10,AK049661.1,99.911,2253,2,0,288,2540,241,2493,0.0,4150
Transcript_10,AK032442.1,100.000,2148,0,0,288,2435,297,2444,0.0,3967
Transcript_10,XM_021182225.1,98.013,2265,35,3,288,2550,396,2652,0.0,3925
Transcript_10,XM_021203508.1,93.999,2483,99,22,1,2467,2,2450,0.0,3714
Transcript_10,XM_021203509.1,93.857,2279,90,22,288,2550,396,2640,0.0,3387
Transcript_10,AC132330.5,100.000,1747,0,0,804,2550,140427,142173,0.0,3227
Transcript_10,AC132330.5,100.000,205,0,0,409,613,89617,89821,7.52e-101,379
Transcript_10,AC132330.5,100.000,194,0,0,613,806,135274,135467,9.79e-95,359
Transcript_10,AC132330.5,100.000,127,0,0,288,414,20211,20337,1.72e-57,235
Transcript_10,XM_017599797.1,89.050,2411,199,29,80,2471,40,2404,0.0,2929
Transcript_10,XM_006975084.2,86.400,2478,284,40,15,2470,10,2456,0.0,2660
Transcript_10,XM_005076392.3,85.338,2394,307,35,92,2466,641,3009,0.0,2436
Transcript_10,XM_006975085.2,86.836,2203,245,32,288,2470,392,2569,0.0,2420
Transcript_10,XM_005348531.2,83.438,2385,338,37,112,2470,87,2440,0.0,2163
Transcript_10,XM_021652230.1,85.652,2077,243,37,409,2465,16,2057,0.0,2134
Transcript_10,XM_008827500.2,82.496,2348,343,56,151,2470,315,2622,0.0,1997
Transcript_10,XM_005348532.3,83.024,2209,318,37,288,2470,419,2596,0.0,1949
Transcript_10,XM_008827501.2,82.428,2208,326,50,288,2470,332,2502,0.0,1871
Transcript_10,XM_011744053.1,80.519,2428,378,70,112,2466,318,2723,0.0,1775
Transcript_10,XM_005547524.2,80.487,2424,380,69,112,2464,318,2719,0.0,1770
Transcript_10,XM_007984863.1,80.363,2424,388,68,112,2466,203,2607,0.0,1759
Transcript_10,XM_012059733.1,80.330,2425,387,66,112,2466,318,2722,0.0,1753
Transcript_10,XM_003273653.2,80.182,2422,389,67,112,2466,8,2405,0.0,1729
Transcript_10,XM_004035840.2,79.876,2420,395,66,112,2466,318,2710,0.0,1687
Transcript_10,XM_014859284.1,80.109,2393,367,84,151,2466,209,2569,0.0,1681
Transcript_10,XM_004419883.2,80.092,2391,370,80,151,2465,195,2555,0.0,1681
Transcript_10,XM_001174562.3,79.705,2439,401,69,112,2483,313,2724,0.0,1676
Transcript_10,XM_003811604.2,79.678,2421,398,69,112,2466,318,2710,0.0,1659
Transcript_10,XM_005600497.3,80.154,2338,367,74,200,2466,289,2600,0.0,1657
Transcript_10,NM_001130003.1,79.669,2420,398,70,112,2465,203,2594,0.0,1657
Transcript_10,XM_005547525.2,80.596,2247,348,64,288,2466,457,2683,0.0,1653
Transcript_10,XM_011744062.2,80.569,2249,347,65,288,2466,390,2618,0.0,1650
Transcript_10,XM_007984864.1,80.401,2245,357,63,288,2466,388,2615,0.0,1631
Transcript_10,CR936762.1,79.447,2423,403,71,112,2467,124,2518,0.0,1628
Transcript_10,XM_012059734.1,80.365,2246,356,61,288,2466,892,3119,0.0,1626
Transcript_10,XM_025885533.1,79.795,2336,370,79,205,2465,1,2309,0.0,1605
Transcript_10,XM_025376947.1,82.288,1897,289,33,112,1968,323,2212,0.0,1598
Transcript_10,XM_003273652.2,80.152,2242,361,61,288,2466,393,2613,0.0,1598
Transcript_10,XM_009238830.2,83.047,1805,261,35,112,1879,203,1999,0.0,1596
Transcript_10,XM_003273654.2,80.125,2244,362,61,286,2466,168,2390,0.0,1596
Transcript_10,XM_008703112.1,79.836,2316,365,73,225,2465,6,2294,0.0,1596
Transcript_10,XM_017955335.1,82.182,1897,291,33,112,1968,318,2207,0.0,1587
Transcript_10,XM_010352905.1,82.220,1901,283,40,112,1968,208,2097,0.0,1587
Transcript_10,XM_017875010.1,82.177,1902,282,43,112,1968,323,2212,0.0,1581
Transcript_10,XM_004419885.2,80.062,2252,349,76,288,2465,395,2620,0.0,1580
Transcript_10,XM_003940215.2,79.220,2435,383,84,112,2465,202,2594,0.0,1580
Transcript_10,XM_019469833.1,79.522,2344,376,76,197,2465,209,2523,0.0,1574
Transcript_10,XM_002915439.3,79.894,2263,361,70,205,2397,1,2239,0.0,1572
Transcript_10,NM_001266609.1,80.619,2131,332,59,288,2353,372,2486,0.0,1572
Transcript_10,XM_023200533.1,81.976,1903,291,36,112,1968,323,2219,0.0,1567
Transcript_10,NM_001132025.1,82.715,1805,266,36,112,1879,94,1889,0.0,1563
Transcript_10,XM_004035839.2,79.830,2241,365,62,288,2466,393,2608,0.0,1554
Transcript_10,XM_019469834.1,79.499,2317,372,75,224,2465,226,2514,0.0,1552
Transcript_10,XM_516566.4,79.646,2260,371,64,288,2483,388,2622,0.0,1543
Transcript_10,XM_008964002.1,79.652,2241,368,64,288,2466,393,2607,0.0,1531
Transcript_10,NM_144642.4,79.626,2243,368,65,288,2467,393,2609,0.0,1528
Transcript_10,XM_025985293.1,82.402,1807,265,38,200,1964,178,1973,0.0,1526
Transcript_10,XM_017005731.1,79.607,2241,368,65,288,2465,146,2360,0.0,1524
Transcript_10,BC022518.1,79.581,2243,369,65,288,2467,142,2358,0.0,1522
Transcript_10,AF411860.2,79.554,2240,369,65,288,2464,142,2355,0.0,1517
Transcript_10,XM_017527363.1,82.149,1815,262,45,112,1879,318,2117,0.0,1500
Transcript_10,XM_021674933.1,82.119,1812,263,41,112,1879,202,1996,0.0,1495
Transcript_10,XM_006158033.1,84.763,1516,201,16,170,1663,279,1786,0.0,1493
Transcript_10,XM_006158032.1,84.763,1516,201,16,170,1663,164,1671,0.0,1493
Transcript_10,XM_004410837.2,82.794,1732,237,44,205,1890,1,1717,0.0,1491
Transcript_10,XM_019795511.1,79.679,2180,349,70,288,2397,206,2361,0.0,1485
Transcript_10,XM_025456452.1,81.989,1810,268,41,200,1964,184,1980,0.0,1483
Transcript_10,XM_003432809.4,81.989,1810,268,41,200,1964,186,1982,0.0,1483
Transcript_10,XM_011947192.1,86.324,1360,179,7,112,1466,323,1680,0.0,1474
Transcript_10,XM_025376950.1,82.538,1718,258,28,288,1968,393,2105,0.0,1472
Transcript_10,XM_025376949.1,82.500,1720,259,28,286,1968,168,1882,0.0,1471
Transcript_10,XM_009238832.2,83.333,1626,231,30,288,1879,393,2012,0.0,1465
Transcript_10,XM_009238831.2,83.292,1628,232,30,286,1879,168,1789,0.0,1463
Transcript_10,XM_023249907.1,81.793,1818,266,45,197,1968,134,1932,0.0,1463
Transcript_10,XM_010352907.1,82.462,1722,252,35,288,1968,393,2105,0.0,1461
Transcript_10,XM_003894227.2,82.421,1718,260,28,288,1968,388,2100,0.0,1461
Transcript_10,XM_010352906.1,82.425,1724,253,35,286,1968,168,1882,0.0,1459
Transcript_10,XM_017875011.1,82.414,1723,251,38,288,1968,393,2105,0.0,1456
Transcript_10,XM_002713284.3,83.779,1572,218,30,201,1746,237,1797,0.0,1456
Transcript_10,CR860981.1,83.210,1626,233,30,288,1879,124,1743,0.0,1454
Transcript_10,XM_023249908.1,81.798,1791,262,44,224,1968,151,1923,0.0,1443
Transcript_10,XM_007192388.1,82.312,1730,244,39,181,1868,140,1849,0.0,1443
Transcript_10,XM_023200544.1,82.193,1724,260,32,288,1968,390,2109,0.0,1439
Transcript_10,XM_023200536.1,82.155,1726,261,32,286,1968,168,1889,0.0,1437
Transcript_10,XM_025985299.1,82.257,1719,252,38,288,1964,384,2091,0.0,1435
Transcript_10,XM_019728362.1,78.266,2388,410,86,151,2465,163,2514,0.0,1434
Transcript_10,XM_004267984.2,82.111,1705,249,35,205,1868,1,1690,0.0,1408
Transcript_10,XM_004410838.2,82.656,1649,225,44,288,1890,389,2022,0.0,1404
Transcript_10,XM_021069171.1,81.951,1712,257,38,200,1877,198,1891,0.0,1402
Transcript_10,XM_007644238.2,91.700,1012,83,1,205,1216,1,1011,0.0,1402
Transcript_10,XR_003435861.1,81.839,1729,256,36,181,1868,153,1864,0.0,1400
Transcript_10,XM_027121300.1,81.839,1729,256,36,181,1868,153,1864,0.0,1400
Transcript_10,XM_017527364.1,82.651,1637,230,39,288,1879,381,2008,0.0,1400
Transcript_10,XM_541820.6,81.882,1722,254,41,288,1964,417,2125,0.0,1399
Transcript_10,XM_006158034.2,85.050,1398,179,16,288,1663,492,1881,0.0,1397
Transcript_10,XM_003785524.2,85.801,1324,178,9,205,1521,1,1321,0.0,1395
Transcript_10,XM_022572650.1,81.755,1732,257,38,181,1868,140,1856,0.0,1393


